{"cameraMode":{"drawMode":1,"name":"Wireframe","section":"Shading Mode"},"sceneLighting":false,"audioPlay":false,"sceneViewState":{"m_AlwaysRefresh":false,"showFog":true,"showSkybox":false,"showFlares":true,"showImageEffects":true,"showParticleSystems":true,"showVisualEffectGraphs":true,"m_FxEnabled":true},"in2DMode":false,"pivot":{"x":0.46919316053390505,"y":1.0011366605758668,"z":0.24231630563735963},"rotation":{"x":-0.13865631818771363,"y":0.7148809432983398,"z":-0.14811928570270539,"w":-0.6691684126853943},"size":2.029780626296997,"orthographic":false}